id,user_name,country,url
1,cristiano,ES,https://www.instagram.com/cristiano
2,kyliejenner,US,https://www.instagram.com/kyliejenner
3,leomessi,,https://www.instagram.com/leomessi
4,selenagomez,US,https://www.instagram.com/selenagomez
5,therock,US,https://www.instagram.com/therock
6,kimkardashian,US,https://www.instagram.com/kimkardashian
7,arianagrande,US,https://www.instagram.com/arianagrande
8,beyonce,US,https://www.instagram.com/beyonce
9,khloekardashian,US,https://www.instagram.com/khloekardashian
10,kendalljenner,US,https://www.instagram.com/kendalljenner
11,justinbieber,CA,https://www.instagram.com/justinbieber
12,natgeo,US,https://www.instagram.com/natgeo
13,nike,US,https://www.instagram.com/nike
14,taylorswift,US,https://www.instagram.com/taylorswift
15,jlo,US,https://www.instagram.com/jlo
16,virat.kohli,,https://www.instagram.com/virat.kohli
17,nickiminaj,US,https://www.instagram.com/nickiminaj
18,kourtneykardash,US,https://www.instagram.com/kourtneykardash
19,mileycyrus,,https://www.instagram.com/mileycyrus
20,neymarjr,BR,https://www.instagram.com/neymarjr
21,katyperry,,https://www.instagram.com/katyperry
22,kevinhart4real,US,https://www.instagram.com/kevinhart4real
23,zendaya,US,https://www.instagram.com/zendaya
24,iamcardib,US,https://www.instagram.com/iamcardib
25,ddlovato,US,https://www.instagram.com/ddlovato
26,badgalriri,US,https://www.instagram.com/badgalriri
27,kingjames,,https://www.instagram.com/kingjames
28,theellenshow,US,https://www.instagram.com/theellenshow
29,realmadrid,ES,https://www.instagram.com/realmadrid
30,champagnepapi,NL,https://www.instagram.com/champagnepapi
31,chrisbrownofficial,US,https://www.instagram.com/chrisbrownofficial
32,fcbarcelona,,https://www.instagram.com/fcbarcelona
33,billieeilish,,https://www.instagram.com/billieeilish
34,dualipa,GB,https://www.instagram.com/dualipa
35,gal_gadot,US,https://www.instagram.com/gal_gadot
36,vindiesel,US,https://www.instagram.com/vindiesel
37,priyankachopra,US,https://www.instagram.com/priyankachopra
38,lalalalisa_m,,https://www.instagram.com/lalalalisa_m
39,nasa,US,https://www.instagram.com/nasa
40,shakira,,https://www.instagram.com/shakira
41,gigihadid,US,https://www.instagram.com/gigihadid
42,snoopdogg,,https://www.instagram.com/snoopdogg
43,davidbeckham,US,https://www.instagram.com/davidbeckham
44,shraddhakapoor,,https://www.instagram.com/shraddhakapoor
45,victoriassecret,US,https://www.instagram.com/victoriassecret
46,k.mbappe,,https://www.instagram.com/k.mbappe
47,nehakakkar,IN,https://www.instagram.com/nehakakkar
48,shawnmendes,CA,https://www.instagram.com/shawnmendes
49,nba,US,https://www.instagram.com/nba
50,narendramodi,IN,https://www.instagram.com/narendramodi
51,jennierubyjane,,https://www.instagram.com/jennierubyjane
52,deepikapadukone,IN,https://www.instagram.com/deepikapadukone
53,tomholland2013,,https://www.instagram.com/tomholland2013
54,aliaabhatt,IN,https://www.instagram.com/aliaabhatt
55,ronaldinho,BR,https://www.instagram.com/ronaldinho
56,emmawatson,US,https://www.instagram.com/emmawatson
57,bts.bighitofficial,UY,https://www.instagram.com/bts.bighitofficial
58,katrinakaif,IN,https://www.instagram.com/katrinakaif
59,justintimberlake,US,https://www.instagram.com/justintimberlake
60,marvel,TR,https://www.instagram.com/marvel
61,camila_cabello,US,https://www.instagram.com/camila_cabello
62,willsmith,US,https://www.instagram.com/willsmith
63,raffinagita1717,ID,https://www.instagram.com/raffinagita1717
64,anitta,US,https://www.instagram.com/anitta
65,maluma,CO,https://www.instagram.com/maluma
66,akshaykumar,,https://www.instagram.com/akshaykumar
67,jacquelinef143,IN,https://www.instagram.com/jacquelinef143
68,sooyaaa__,,https://www.instagram.com/sooyaaa__
69,psg,FR,https://www.instagram.com/psg
70,roses_are_rosie,,https://www.instagram.com/roses_are_rosie
71,anushkasharma,,https://www.instagram.com/anushkasharma
72,manchesterunited,GB,https://www.instagram.com/manchesterunited
73,whinderssonnunes,BR,https://www.instagram.com/whinderssonnunes
74,9gag,US,https://www.instagram.com/9gag
75,marcelotwelve,BR,https://www.instagram.com/marcelotwelve
76,karimbenzema,ES,https://www.instagram.com/karimbenzema
77,chrishemsworth,AU,https://www.instagram.com/chrishemsworth
78,paulpogba,FR,https://www.instagram.com/paulpogba
79,iamzlatanibrahimovic,,https://www.instagram.com/iamzlatanibrahimovic
80,karolg,IN,https://www.instagram.com/karolg
81,leonardodicaprio,,https://www.instagram.com/leonardodicaprio
82,milliebobbybrown,US,https://www.instagram.com/milliebobbybrown
83,juventus,,https://www.instagram.com/juventus
84,zacefron,US,https://www.instagram.com/zacefron
85,tatawerneck,BR,https://www.instagram.com/tatawerneck
86,bellahadid,GB,https://www.instagram.com/bellahadid
87,robertdowneyjr,US,https://www.instagram.com/robertdowneyjr
88,sunnyleone,,https://www.instagram.com/sunnyleone
89,ladygaga,US,https://www.instagram.com/ladygaga
90,beingsalmankhan,IN,https://www.instagram.com/beingsalmankhan
91,jbalvin,,https://www.instagram.com/jbalvin
92,sergioramos,,https://www.instagram.com/sergioramos
93,ayutingting92,ID,https://www.instagram.com/ayutingting92
94,dishapatani,US,https://www.instagram.com/dishapatani
95,mosalah,,https://www.instagram.com/mosalah
96,433,NL,https://www.instagram.com/433
97,hudabeauty,US,https://www.instagram.com/hudabeauty
98,adele,US,https://www.instagram.com/adele
99,michelleobama,,https://www.instagram.com/michelleobama
100,jamesrodriguez10,CO,https://www.instagram.com/jamesrodriguez10
101,kritisanon,IN,https://www.instagram.com/kritisanon
102,krisjenner,US,https://www.instagram.com/krisjenner
103,lelepons,US,https://www.instagram.com/lelepons
104,charlidamelio,,https://www.instagram.com/charlidamelio
105,gucci,IT,https://www.instagram.com/gucci
106,louisvuitton,FR,https://www.instagram.com/louisvuitton
107,prillylatuconsina96,ID,https://www.instagram.com/prillylatuconsina96
108,dovecameron,US,https://www.instagram.com/dovecameron
109,garethbale11,,https://www.instagram.com/garethbale11
110,paulodybala,,https://www.instagram.com/paulodybala
111,blackpinkofficial,,https://www.instagram.com/blackpinkofficial
112,jokowi,,https://www.instagram.com/jokowi
113,nusr_et,AE,https://www.instagram.com/nusr_et
114,5.min.crafts,US,https://www.instagram.com/5.min.crafts
115,vanessahudgens,US,https://www.instagram.com/vanessahudgens
116,thv,,https://www.instagram.com/thv
117,harrystyles,US,https://www.instagram.com/harrystyles
118,zayn,US,https://www.instagram.com/zayn
119,larissamanoela,BR,https://www.instagram.com/larissamanoela
120,haileybieber,,https://www.instagram.com/haileybieber
121,thenotoriousmma,US,https://www.instagram.com/thenotoriousmma
122,daddyyankee,PR,https://www.instagram.com/daddyyankee
123,travisscott,US,https://www.instagram.com/travisscott
124,natgeotravel,US,https://www.instagram.com/natgeotravel
125,nikefootball,US,https://www.instagram.com/nikefootball
126,stephencurry30,,https://www.instagram.com/stephencurry30
127,vancityreynolds,,https://www.instagram.com/vancityreynolds
128,luissuarez9,,https://www.instagram.com/luissuarez9
129,maisa,BR,https://www.instagram.com/maisa
130,gusttavolima,BR,https://www.instagram.com/gusttavolima
131,hrithikroshan,CI,https://www.instagram.com/hrithikroshan
132,nickyjam,CO,https://www.instagram.com/nickyjampr
133,jannatzubair29,,https://www.instagram.com/jannatzubair29
134,varundvn,IN,https://www.instagram.com/varundvn
135,brunamarquezine,US,https://www.instagram.com/brunamarquezine
136,caradelevingne,US,https://www.instagram.com/caradelevingne
137,buzzfeedtasty,ES,https://www.instagram.com/buzzfeedtasty
138,kapilsharma,,https://www.instagram.com/kapilsharma
139,britneyspears,TR,https://www.instagram.com/britneyspears
140,mariliamendoncacantora,BR,https://www.instagram.com/mariliamendoncacantora
141,badbunnypr,,https://www.instagram.com/badbunnypr
142,dior,,https://www.instagram.com/dior
143,norafatehi,AI,https://www.instagram.com/norafatehi
144,jenniferaniston,,https://www.instagram.com/jenniferaniston
145,marinaruybarbosa,BR,https://www.instagram.com/marinaruybarbosa
146,addisonraee,,https://www.instagram.com/addisonraee
147,theweeknd,,https://www.instagram.com/theweeknd
148,ranveersingh,CH,https://www.instagram.com/ranveersingh
149,andresiniesta8,ES,https://www.instagram.com/andresiniesta8
150,princessyahrini,ID,https://www.instagram.com/princessyahrini
151,liverpoolfc,GB,https://www.instagram.com/liverpoolfc
152,teddysphotos,US,https://www.instagram.com/teddysphotos
153,georginagio,,https://www.instagram.com/georginagio
154,natashawilona12,,https://www.instagram.com/natashawilona12
155,ruben_onsu,ID,https://www.instagram.com/ruben_onsu
156,mahi7781,,https://www.instagram.com/mahi7781
157,chrissyteigen,US,https://www.instagram.com/chrissyteigen
158,hm,SE,https://www.instagram.com/hm
159,wizkhalifa,US,https://www.instagram.com/wizkhalifa
160,j.m,,https://www.instagram.com/j.m
161,anushkasen0408,,https://www.instagram.com/anushkasen0408
162,worldstar,US,https://www.instagram.com/worldstar
163,prattprattpratt,,https://www.instagram.com/prattprattpratt
164,marvelstudios,,https://www.instagram.com/marvelstudios
165,WesleySafadao,,https://www.instagram.com/wesleysafadao
166,parineetichopra,,https://www.instagram.com/parineetichopra
167,cznburak,,https://www.instagram.com/cznburak
168,laudyacynthiabella,ID,https://www.instagram.com/laudyacynthiabella
169,antogriezmann,FR,https://www.instagram.com/antogriezmann
170,gisel_la,,https://www.instagram.com/gisel_la
171,eminem,US,https://www.instagram.com/eminem
172,rkive,,https://www.instagram.com/rkive
173,colesprouse,,https://www.instagram.com/colesprouse
174,nattinatasha,CZ,https://www.instagram.com/nattinatasha
175,mercedesbenz,VG,https://www.instagram.com/mercedesbenz
176,tigerjackieshroff,IN,https://www.instagram.com/tigerjackieshroff
177,barackobama,US,https://www.instagram.com/barackobama
178,shahidkapoor,,https://www.instagram.com/shahidkapoor
179,kimberly.loaiza,MX,https://www.instagram.com/kimberly.loaiza
180,sachintendulkar,,https://www.instagram.com/sachintendulkar
181,simoneses,BR,https://www.instagram.com/simoneses
182,ivetesangalo,BR,https://www.instagram.com/ivetesangalo
183,paollaoliveirareal,,https://www.instagram.com/paollaoliveirareal
184,lunamaya,,https://www.instagram.com/lunamaya
185,dannapaola,MX,https://www.instagram.com/dannapaola
186,blakelively,US,https://www.instagram.com/blakelively
187,toni.kr8s,,https://www.instagram.com/toni.kr8s
188,adidasoriginals,,https://www.instagram.com/adidasoriginals
189,disney,US,https://www.instagram.com/disney
190,shaymitchell,US,https://www.instagram.com/shaymitchell
191,khabib_nurmagomedov,RU,https://www.instagram.com/khabib_nurmagomedov
192,bmw,DE,https://www.instagram.com/bmw
193,zidane,FR,https://www.instagram.com/zidane
194,nancyajram,FR,https://www.instagram.com/nancyajram
195,sonamkapoor,IN,https://www.instagram.com/sonamkapoor
196,luansantana,BR,https://www.instagram.com/luansantana
197,danbilzerian,CA,https://www.instagram.com/danbilzerian
198,nickjonas,US,https://www.instagram.com/nickjonas
199,gururandhawa,US,https://www.instagram.com/gururandhawa
200,iambeckyg,US,https://www.instagram.com/iambeckyg
